country,yield_loss_pct
Afghanistan,-0.4840968137873885
Albania,-23.34001179510993
