year,industrial_def,method,s,lambda,RoW_decline_pct,sigma_MER,global_decline_pct
2019,excl_F,M1_mixed_leontief,0.59,0.41,5.016441463617946,14.777604341024992,12.993918153330108
2019,excl_F,M2_ghosh,0.59,0.41,1.4150300793601538,14.777604341024992,9.924709094130563
2019,excl_F,M1+M2_envelope,0.59,0.41,6.4314715429781,14.777604341024992,14.199840686255927
2019,incl_F,M1_mixed_leontief,0.59,0.41,4.183489188796178,14.894865067002153,12.348334508563635
2019,incl_F,M2_ghosh,0.59,0.41,1.3347821620952132,14.894865067002153,9.923938549643987
2019,incl_F,M1+M2_envelope,0.59,0.41,5.518271350891391,14.894865067002153,13.484302668676351
2021,excl_F,M1_mixed_leontief,0.59,0.41,4.975696009369748,13.792603946582476,12.427054293695129
2021,excl_F,M2_ghosh,0.59,0.41,1.3834950373507005,13.792603946582476,9.330311374711956
2021,excl_F,M1+M2_envelope,0.59,0.41,6.359191046720449,13.792603946582476,13.619729339923426
2021,incl_F,M1_mixed_leontief,0.59,0.41,4.1422582863857675,14.062094243055636,11.856405625766245
2021,incl_F,M2_ghosh,0.59,0.41,1.3092824616569398,14.062094243055636,9.421805531393767
2021,incl_F,M1+M2_envelope,0.59,0.41,5.451540748042707,14.062094243055636,12.981575553757189
2022,excl_F,M1_mixed_leontief,0.59,0.41,5.37860317307493,15.0458602086396,13.446403581573986
2022,excl_F,M2_ghosh,0.59,0.41,1.6928094098936652,15.0458602086396,10.315169195579731
2022,excl_F,M1+M2_envelope,0.59,0.41,7.0714125829685965,15.0458602086396,14.884515254056351
2022,incl_F,M1_mixed_leontief,0.59,0.41,4.49631219899465,15.26053465547198,12.813866364377324
2022,incl_F,M2_ghosh,0.59,0.41,1.597626207190069,15.26053465547198,10.357535352905394
2022,incl_F,M1+M2_envelope,0.59,0.41,6.093938406184719,15.26053465547198,14.167686270554253
