year,sigma_go_pct,sigma_va_pct,world_ind_go_trillion_usd,world_ind_va_trillion_usd
2019,14.777604341024992,18.547572280619367,58.2438235899,18.6107988985
2021,13.792603946582476,17.80668647906086,66.7125279667,21.0652678903
2022,15.0458602086396,19.528905551974173,71.0384138699,22.2167183202
